what,kind,bundleId,bundleVersion,description,time
started,bundle,org.eclipse.emf.ecore.xmi,2.5.0.v200906151043,"org.eclipse.emf.ecore.xmi",1315018342968
started,bundle,org.eclipse.equinox.app,1.2.0.v20090520-1800,"org.eclipse.equinox.app",1315018343000
started,bundle,org.eclipse.equinox.common,3.5.0.v20090520-1800,"org.eclipse.equinox.common",1315018343015
started,bundle,org.eclipse.equinox.ds,1.1.0.v20090601,"org.eclipse.equinox.ds",1315018343046
started,bundle,org.eclipse.equinox.frameworkadmin,1.0.100.v20090520-1905,"org.eclipse.equinox.frameworkadmin",1315018343062
started,bundle,org.eclipse.equinox.frameworkadmin.equinox,1.0.100.v20090520-1905,"org.eclipse.equinox.frameworkadmin.equinox",1315018343109
started,bundle,org.eclipse.equinox.p2.core,1.0.100.v20090520-1905,"org.eclipse.equinox.p2.core",1315018343140
started,bundle,org.eclipse.equinox.p2.director,1.0.100.v20090520-1905,"org.eclipse.equinox.p2.director",1315018343171
started,bundle,org.eclipse.equinox.p2.directorywatcher,1.0.100.v20090525,"org.eclipse.equinox.p2.directorywatcher",1315018343187
started,bundle,org.eclipse.equinox.p2.engine,1.0.100.v20090525,"org.eclipse.equinox.p2.engine",1315018343250
started,bundle,org.eclipse.equinox.p2.exemplarysetup,1.0.100.v20090520-1905,"org.eclipse.equinox.p2.exemplarysetup",1315018343265
started,bundle,org.eclipse.equinox.p2.garbagecollector,1.0.100.v20090520-1905,"org.eclipse.equinox.p2.garbagecollector",1315018343296
started,bundle,org.eclipse.equinox.p2.metadata.repository,1.0.100.v20090525,"org.eclipse.equinox.p2.metadata.repository",1315018343296
started,bundle,org.eclipse.equinox.p2.reconciler.dropins,1.0.100.v20090520-1905,"org.eclipse.equinox.p2.reconciler.dropins",1315018343375
started,bundle,org.eclipse.equinox.p2.repository,1.0.0.v20090601-1921,"org.eclipse.equinox.p2.repository",1315018343406
started,bundle,org.eclipse.equinox.p2.ui.sdk.scheduler,1.0.0.v20090520-1905,"org.eclipse.equinox.p2.ui.sdk.scheduler",1315018343421
started,bundle,org.eclipse.equinox.p2.updatechecker,1.1.0.v20090520-1905,"org.eclipse.equinox.p2.updatechecker",1315018343437
started,bundle,org.eclipse.equinox.preferences,3.2.300.v20090520-1800,"org.eclipse.equinox.preferences",1315018343453
started,bundle,org.eclipse.equinox.registry,3.4.100.v20090520-1800,"org.eclipse.equinox.registry",1315018343468
started,bundle,org.eclipse.equinox.security,1.0.100.v20090520-1800,"org.eclipse.equinox.security",1315018343515
started,bundle,org.eclipse.equinox.simpleconfigurator.manipulator,1.0.100.v20090520-1905,"org.eclipse.equinox.simpleconfigurator.manipulator",1315018343515
started,bundle,org.eclipse.equinox.util,1.0.100.v20090520-1800,"org.eclipse.equinox.util",1315018343562
started,bundle,org.eclipse.help,3.4.0.v20090526,"org.eclipse.help",1315018343671
started,bundle,org.eclipse.jdt.core.manipulation,1.3.0.v20090603,"org.eclipse.jdt.core.manipulation",1315018343687
started,bundle,org.eclipse.jface,3.5.0.I20090525-2000,"org.eclipse.jface",1315018343734
started,bundle,org.eclipse.jsch.core,1.1.100.I20090430-0408,"org.eclipse.jsch.core",1315018343750
started,bundle,org.eclipse.ltk.core.refactoring,3.5.0.v20090513-2000,"org.eclipse.ltk.core.refactoring",1315018343796
started,bundle,org.eclipse.ltk.ui.refactoring,3.4.100.v20090604,"org.eclipse.ltk.ui.refactoring",1315018343890
started,bundle,org.eclipse.mylyn.commons.net,3.2.0.v20090617-0100-e3x,"org.eclipse.mylyn.commons.net",1315018343890
started,bundle,org.eclipse.search,3.5.0.v20090526-2000,"org.eclipse.search",1315018343953
started,bundle,org.eclipse.team.core,3.5.0.I20090527-0620,"org.eclipse.team.core",1315018343984
started,bundle,org.eclipse.team.cvs.core,3.3.200.I20090430-0408,"org.eclipse.team.cvs.core",1315018344031
started,bundle,org.eclipse.team.ui,3.5.0.I20090430-0408,"org.eclipse.team.ui",1315018344078
started,bundle,org.eclipse.ui,3.5.0.I20090604-2000,"org.eclipse.ui",1315018344109
started,bundle,org.eclipse.ui.console,3.4.0.v20090513,"org.eclipse.ui.console",1315018344140
started,bundle,org.eclipse.ui.editors,3.5.0.v20090527-2000,"org.eclipse.ui.editors",1315018344140
started,bundle,org.eclipse.ui.forms,3.4.0.v20090526,"org.eclipse.ui.forms",1315018344203
started,bundle,org.eclipse.ui.ide,3.5.0.I20090525-2000,"org.eclipse.ui.ide",1315018344250
started,bundle,org.eclipse.ui.net,1.2.0.I20090430-0408,"org.eclipse.ui.net",1315018344265
started,bundle,org.eclipse.ui.views,3.4.0.I20090525-2000,"org.eclipse.ui.views",1315018344281
started,bundle,org.eclipse.ui.workbench,3.5.0.I20090603-2000,"org.eclipse.ui.workbench",1315018344296
started,bundle,org.eclipse.ui.workbench.texteditor,3.5.0.v20090603,"org.eclipse.ui.workbench.texteditor",1315018344343
started,bundle,org.eclipse.update.configurator,3.3.0.v20090312,"org.eclipse.update.configurator",1315018344375
started,bundle,org.eclipse.update.core,3.2.300.v20090525,"org.eclipse.update.core",1315018344468
started,bundle,org.eclipse.update.scheduler,3.2.200.v20081127,"org.eclipse.update.scheduler",1315018344500
started,bundle,org.eclipse.wst.common.frameworks,1.1.300.v200904160730,"org.eclipse.wst.common.frameworks",1315018344515
started,bundle,org.eclipse.wst.common.uriresolver,1.1.301.v200805140415,"org.eclipse.wst.common.uriresolver",1315018344546
started,bundle,org.eclipse.wst.dtd.core,1.1.300.v200904181727,"org.eclipse.wst.dtd.core",1315018344578
started,bundle,org.eclipse.wst.dtd.ui,1.0.400.v200904300717,"org.eclipse.wst.dtd.ui",1315018344640
started,bundle,org.eclipse.wst.internet.cache,1.0.301.v200805140020,"org.eclipse.wst.internet.cache",1315018344671
started,bundle,org.eclipse.wst.xsd.core,1.1.401.v200903020335,"org.eclipse.wst.xsd.core",1315018344687
started,bundle,com.android.ide.eclipse.adt,12.0.0.v201106281929-138431,"com.android.ide.eclipse.adt",1315018344687
started,bundle,com.android.ide.eclipse.ddms,12.0.0.v201106281929-138431,"com.android.ide.eclipse.ddms",1315018344687
started,bundle,org.eclipse.epp.usagedata.gathering,1.1.1.R201001291118,"org.eclipse.epp.usagedata.gathering",1315018344718
started,bundle,org.eclipse.epp.usagedata.recording,1.1.1.R201001291118,"org.eclipse.epp.usagedata.recording",1315018344765
started,bundle,org.eclipse.jdt.core,3.5.1.v_972_R35x,"org.eclipse.jdt.core",1315018344812
started,bundle,org.eclipse.jdt.ui,3.5.1.r351_v20090821-0800,"org.eclipse.jdt.ui",1315018344828
started,bundle,org.eclipse.jem.util,2.0.201.v201001252130,"org.eclipse.jem.util",1315018344843
started,bundle,org.eclipse.mylyn.bugzilla.core,3.2.3.v20100217-0100-e3x,"org.eclipse.mylyn.bugzilla.core",1315018344859
started,bundle,org.eclipse.mylyn.bugzilla.ui,3.2.3.v20100217-0100-e3x,"org.eclipse.mylyn.bugzilla.ui",1315018344890
started,bundle,org.eclipse.mylyn.commons.ui,3.2.3.v20100217-0100-e3x,"org.eclipse.mylyn.commons.ui",1315018344890
started,bundle,org.eclipse.mylyn.context.core,3.2.3.v20100217-0100-e3x,"org.eclipse.mylyn.context.core",1315018344906
started,bundle,org.eclipse.mylyn.context.ui,3.2.3.v20100217-0100-e3x,"org.eclipse.mylyn.context.ui",1315018344921
started,bundle,org.eclipse.mylyn.monitor.ui,3.2.3.v20100217-0100-e3x,"org.eclipse.mylyn.monitor.ui",1315018344937
started,bundle,org.eclipse.mylyn.tasks.ui,3.2.3.v20100217-0100-e3x,"org.eclipse.mylyn.tasks.ui",1315018344984
started,bundle,org.eclipse.mylyn.team.ui,3.2.3.v20100217-0100-e3x,"org.eclipse.mylyn.team.ui",1315018345031
started,bundle,org.eclipse.team.cvs.ui,3.3.202.r35x_20090930-0800,"org.eclipse.team.cvs.ui",1315018345593
started,bundle,org.eclipse.wst.common.emf,1.1.301.v200908181930,"org.eclipse.wst.common.emf",1315018345640
started,bundle,org.eclipse.wst.common.emfworkbench.integration,1.1.301.v200908101600,"org.eclipse.wst.common.emfworkbench.integration",1315018345671
started,bundle,org.eclipse.wst.common.modulecore,1.1.301.v201001252130,"org.eclipse.wst.common.modulecore",1315018345718
started,bundle,org.eclipse.wst.common.project.facet.core,1.4.1.v200911141735,"org.eclipse.wst.common.project.facet.core",1315018345828
started,bundle,org.eclipse.wst.sse.core,1.1.402.v201001251516,"org.eclipse.wst.sse.core",1315018345843
started,bundle,org.eclipse.wst.sse.ui,1.1.102.v200910200227,"org.eclipse.wst.sse.ui",1315018345875
started,bundle,org.eclipse.wst.validation,1.2.104.v200911120201,"org.eclipse.wst.validation",1315018345875
started,bundle,org.eclipse.wst.xml.core,1.1.402.v201001222130,"org.eclipse.wst.xml.core",1315018345875
started,bundle,org.eclipse.wst.xml.ui,1.1.2.v201001222130,"org.eclipse.wst.xml.ui",1315018345875
os,sysinfo,,,"win32",1315018345890
arch,sysinfo,,,"x86",1315018345890
ws,sysinfo,,,"win32",1315018345890
locale,sysinfo,,,"zh_CN",1315018345890
processors,sysinfo,,,"2",1315018345890
java.runtime.name,sysinfo,,,"Java(TM) SE Runtime Environment",1315018345890
java.runtime.version,sysinfo,,,"1.6.0_18-b07",1315018345890
java.specification.name,sysinfo,,,"Java Platform API Specification",1315018345890
java.specification.vendor,sysinfo,,,"Sun Microsystems Inc.",1315018345890
java.specification.version,sysinfo,,,"1.6",1315018345890
java.vendor,sysinfo,,,"Sun Microsystems Inc.",1315018345890
java.version,sysinfo,,,"1.6.0_18",1315018345890
java.vm.info,sysinfo,,,"mixed mode, sharing",1315018345890
java.vm.name,sysinfo,,,"Java HotSpot(TM) Client VM",1315018345890
java.vm.specification.name,sysinfo,,,"Java Virtual Machine Specification",1315018345890
java.vm.specification.vendor,sysinfo,,,"Sun Microsystems Inc.",1315018345890
java.vm.specification.version,sysinfo,,,"1.0",1315018345890
java.vm.vendor,sysinfo,,,"Sun Microsystems Inc.",1315018345890
java.vm.version,sysinfo,,,"16.0-b13",1315018345890
started,bundle,org.eclipse.jdt.launching,3.5.0.v20090527,"org.eclipse.jdt.launching",1315018347687
started,bundle,org.eclipse.jdt.apt.core,3.3.201.R35x_v20090818-0235,"org.eclipse.jdt.apt.core",1315018347718
started,bundle,org.eclipse.jdt.apt.pluggable.core,1.0.201.R35x_v20090818-0225,"org.eclipse.jdt.apt.pluggable.core",1315018348187
started,bundle,com.android.ide.eclipse.traceview,12.0.0.v201106281929-138431,"com.android.ide.eclipse.traceview",1315018350312
started,bundle,org.eclipse.draw2d,3.5.2.v20091126-1908,"org.eclipse.draw2d",1315018371031
deactivated,workbench,org.eclipse.ui.workbench,3.5.0.I20090603-2000,"",1315018382484
activated,workbench,org.eclipse.ui.workbench,3.5.0.I20090603-2000,"",1315018683843
deactivated,workbench,org.eclipse.ui.workbench,3.5.0.I20090603-2000,"",1315018706265
activated,workbench,org.eclipse.ui.workbench,3.5.0.I20090603-2000,"",1315018706265
deactivated,workbench,org.eclipse.ui.workbench,3.5.0.I20090603-2000,"",1315018707671
deactivated,workbench,org.eclipse.ui.workbench,3.5.0.I20090603-2000,"",1315018707765
activated,workbench,org.eclipse.ui.workbench,3.5.0.I20090603-2000,"",1315019000640
deactivated,workbench,org.eclipse.ui.workbench,3.5.0.I20090603-2000,"",1315019003000
error,log,,,"Failed to load properties file for project 'layoutTest'",1315019036937
activated,workbench,org.eclipse.ui.workbench,3.5.0.I20090603-2000,"",1315019037015
activated,view,org.eclipse.jdt.ui,3.5.1.r351_v20090821-0800,"org.eclipse.jdt.ui.PackageExplorer",1315019038046
activated,editor,com.android.ide.eclipse.adt,12.0.0.v201106281929-138431,"com.android.ide.eclipse.editors.layout.LayoutEditor",1315019044156
executed,command,org.eclipse.ui,3.5.0.I20090604-2000,"org.eclipse.ui.file.save",1315019045312
activated,view,org.eclipse.jdt.ui,3.5.1.r351_v20090821-0800,"org.eclipse.jdt.ui.PackageExplorer",1315019048093
closed,editor,com.android.ide.eclipse.adt,12.0.0.v201106281929-138431,"com.android.ide.eclipse.editors.layout.LayoutEditor",1315019048109
deactivated,workbench,org.eclipse.ui.workbench,3.5.0.I20090603-2000,"",1315019055359
activated,workbench,org.eclipse.ui.workbench,3.5.0.I20090603-2000,"",1315019075234
opened,editor,org.eclipse.jdt.ui,3.5.1.r351_v20090821-0800,"org.eclipse.jdt.ui.CompilationUnitEditor",1315019078562
started,bundle,org.eclipse.jdt.debug,3.5.0.v20090526,"org.eclipse.jdt.debug",1315019078828
started,bundle,org.eclipse.jdt.debug.ui,3.4.1.v20090811_r351,"org.eclipse.jdt.debug.ui",1315019079078
activated,editor,org.eclipse.jdt.ui,3.5.1.r351_v20090821-0800,"org.eclipse.jdt.ui.CompilationUnitEditor",1315019079625
activated,view,org.eclipse.jdt.ui,3.5.1.r351_v20090821-0800,"org.eclipse.jdt.ui.PackageExplorer",1315019083578
started,bundle,org.eclipse.compare,3.5.0.I20090514-0808,"org.eclipse.compare",1315019085562
started,bundle,org.eclipse.jdt.junit,3.5.1.r351_v20090708-0800,"org.eclipse.jdt.junit",1315019086062
deactivated,workbench,org.eclipse.ui.workbench,3.5.0.I20090603-2000,"",1315019086875
opened,view,org.eclipse.ui.console,3.4.0.v20090513,"org.eclipse.ui.console.ConsoleView",1315019092500
activated,workbench,org.eclipse.ui.workbench,3.5.0.I20090603-2000,"",1315019092718
executed,command,org.eclipse.ui,3.5.0.I20090604-2000,"org.eclipse.ui.file.properties",1315019092750
deactivated,workbench,org.eclipse.ui.workbench,3.5.0.I20090603-2000,"",1315019095593
activated,workbench,org.eclipse.ui.workbench,3.5.0.I20090603-2000,"",1315019119234
activated,view,org.eclipse.ui.console,3.4.0.v20090513,"org.eclipse.ui.console.ConsoleView",1315019120625
activated,editor,org.eclipse.jdt.ui,3.5.1.r351_v20090821-0800,"org.eclipse.jdt.ui.CompilationUnitEditor",1315019125125
deactivated,workbench,org.eclipse.ui.workbench,3.5.0.I20090603-2000,"",1315019126609
activated,workbench,org.eclipse.ui.workbench,3.5.0.I20090603-2000,"",1315019135062
activated,view,org.eclipse.jdt.ui,3.5.1.r351_v20090821-0800,"org.eclipse.jdt.ui.PackageExplorer",1315019136421
activated,editor,org.eclipse.jdt.ui,3.5.1.r351_v20090821-0800,"org.eclipse.jdt.ui.CompilationUnitEditor",1315019149359
deactivated,workbench,org.eclipse.ui.workbench,3.5.0.I20090603-2000,"",1315019151062
activated,workbench,org.eclipse.ui.workbench,3.5.0.I20090603-2000,"",1315019151062
deactivated,workbench,org.eclipse.ui.workbench,3.5.0.I20090603-2000,"",1315019151109
activated,workbench,org.eclipse.ui.workbench,3.5.0.I20090603-2000,"",1315019152062
deactivated,workbench,org.eclipse.ui.workbench,3.5.0.I20090603-2000,"",1315019152203
activated,workbench,org.eclipse.ui.workbench,3.5.0.I20090603-2000,"",1315019159125
deactivated,workbench,org.eclipse.ui.workbench,3.5.0.I20090603-2000,"",1315019161281
activated,workbench,org.eclipse.ui.workbench,3.5.0.I20090603-2000,"",1315019161296
deactivated,workbench,org.eclipse.ui.workbench,3.5.0.I20090603-2000,"",1315019161343
activated,workbench,org.eclipse.ui.workbench,3.5.0.I20090603-2000,"",1315019202437
executed,command,org.eclipse.ui,3.5.0.I20090604-2000,"org.eclipse.ui.file.save",1315019219500
executed,command,org.eclipse.ui,3.5.0.I20090604-2000,"org.eclipse.ui.file.save",1315019222625
deactivated,workbench,org.eclipse.ui.workbench,3.5.0.I20090603-2000,"",1315019223015
executed,command,org.eclipse.ui,3.5.0.I20090604-2000,"org.eclipse.ui.edit.findReplace",1315019223046
activated,workbench,org.eclipse.ui.workbench,3.5.0.I20090603-2000,"",1315019225500
executed,command,org.eclipse.jdt.ui,3.5.1.r351_v20090821-0800,"org.eclipse.jdt.ui.edit.text.java.add.import",1315019227062
executed,command,org.eclipse.jdt.ui,3.5.1.r351_v20090821-0800,"org.eclipse.jdt.ui.edit.text.java.add.import",1315019227125
executed,command,org.eclipse.jdt.ui,3.5.1.r351_v20090821-0800,"org.eclipse.jdt.ui.edit.text.java.add.import",1315019227265
executed,command,org.eclipse.jdt.ui,3.5.1.r351_v20090821-0800,"org.eclipse.jdt.ui.edit.text.java.add.import",1315019227390
started,bundle,org.eclipse.mylyn.java.tasks,3.2.3.v20100217-0100-e3x,"org.eclipse.mylyn.java.tasks",1315019228656
opened,view,org.eclipse.ui.ide,3.5.0.I20090525-2000,"org.eclipse.ui.views.ProblemView",1315019229484
executed,command,org.eclipse.jdt.ui,3.5.1.r351_v20090821-0800,"org.eclipse.jdt.ui.edit.text.java.add.import",1315019229921
executed,command,org.eclipse.jdt.ui,3.5.1.r351_v20090821-0800,"org.eclipse.jdt.ui.edit.text.java.add.import",1315019230750
executed,command,org.eclipse.ui,3.5.0.I20090604-2000,"org.eclipse.ui.file.save",1315019231984
executed,command,org.eclipse.ui.workbench.texteditor,3.5.0.v20090603,"org.eclipse.ui.edit.text.select.lineEnd",1315019239359
executed,command,org.eclipse.ui,3.5.0.I20090604-2000,"org.eclipse.ui.edit.copy",1315019239843
executed,command,org.eclipse.ui,3.5.0.I20090604-2000,"org.eclipse.ui.edit.paste",1315019240531
executed,command,org.eclipse.ui,3.5.0.I20090604-2000,"org.eclipse.ui.edit.paste",1315019240859
executed,command,org.eclipse.ui,3.5.0.I20090604-2000,"org.eclipse.ui.edit.paste",1315019241343
executed,command,org.eclipse.ui,3.5.0.I20090604-2000,"org.eclipse.ui.file.save",1315019248218
executed,command,org.eclipse.jdt.ui,3.5.1.r351_v20090821-0800,"org.eclipse.jdt.ui.edit.text.java.format",1315019249062
executed,command,org.eclipse.ui,3.5.0.I20090604-2000,"org.eclipse.ui.file.save",1315019249734
executed,command,org.eclipse.ui,3.5.0.I20090604-2000,"org.eclipse.ui.file.save",1315019252703
deactivated,workbench,org.eclipse.ui.workbench,3.5.0.I20090603-2000,"",1315019253171
activated,workbench,org.eclipse.ui.workbench,3.5.0.I20090603-2000,"",1315019253171
deactivated,workbench,org.eclipse.ui.workbench,3.5.0.I20090603-2000,"",1315019253218
activated,workbench,org.eclipse.ui.workbench,3.5.0.I20090603-2000,"",1315019302843
activated,view,org.eclipse.jdt.ui,3.5.1.r351_v20090821-0800,"org.eclipse.jdt.ui.PackageExplorer",1315019304343
opened,editor,com.android.ide.eclipse.adt,12.0.0.v201106281929-138431,"com.android.ide.eclipse.editors.layout.LayoutEditor",1315019304875
activated,editor,com.android.ide.eclipse.adt,12.0.0.v201106281929-138431,"com.android.ide.eclipse.editors.layout.LayoutEditor",1315019304953
activated,view,org.eclipse.jdt.ui,3.5.1.r351_v20090821-0800,"org.eclipse.jdt.ui.PackageExplorer",1315019307671
activated,editor,com.android.ide.eclipse.adt,12.0.0.v201106281929-138431,"com.android.ide.eclipse.editors.layout.LayoutEditor",1315019318750
deactivated,workbench,org.eclipse.ui.workbench,3.5.0.I20090603-2000,"",1315019321937
activated,workbench,org.eclipse.ui.workbench,3.5.0.I20090603-2000,"",1315019327656
deactivated,workbench,org.eclipse.ui.workbench,3.5.0.I20090603-2000,"",1315019328765
activated,workbench,org.eclipse.ui.workbench,3.5.0.I20090603-2000,"",1315019334656
deactivated,workbench,org.eclipse.ui.workbench,3.5.0.I20090603-2000,"",1315019335937
activated,workbench,org.eclipse.ui.workbench,3.5.0.I20090603-2000,"",1315019346578
executed,command,org.eclipse.ui,3.5.0.I20090604-2000,"org.eclipse.ui.edit.text.contentAssist.proposals",1315019351250
executed,command,org.eclipse.ui,3.5.0.I20090604-2000,"org.eclipse.ui.edit.text.contentAssist.proposals",1315019368843
executed,command,org.eclipse.ui,3.5.0.I20090604-2000,"org.eclipse.ui.file.save",1315019377187
deactivated,workbench,org.eclipse.ui.workbench,3.5.0.I20090603-2000,"",1315019377562
activated,workbench,org.eclipse.ui.workbench,3.5.0.I20090603-2000,"",1315019377578
deactivated,workbench,org.eclipse.ui.workbench,3.5.0.I20090603-2000,"",1315019377640
activated,workbench,org.eclipse.ui.workbench,3.5.0.I20090603-2000,"",1315019380859
executed,command,org.eclipse.ui,3.5.0.I20090604-2000,"org.eclipse.ui.edit.text.contentAssist.proposals",1315019387125
executed,command,org.eclipse.ui,3.5.0.I20090604-2000,"org.eclipse.ui.edit.text.contentAssist.proposals",1315019409312
executed,command,org.eclipse.ui.workbench.texteditor,3.5.0.v20090603,"org.eclipse.ui.edit.text.select.lineEnd",1315019413765
executed,command,org.eclipse.ui,3.5.0.I20090604-2000,"org.eclipse.ui.edit.copy",1315019414484
executed,command,org.eclipse.ui,3.5.0.I20090604-2000,"org.eclipse.ui.edit.paste",1315019416265
executed,command,org.eclipse.ui.workbench.texteditor,3.5.0.v20090603,"org.eclipse.ui.edit.text.goto.lineStart",1315019418703
executed,command,org.eclipse.ui,3.5.0.I20090604-2000,"org.eclipse.ui.file.save",1315019420343
deactivated,workbench,org.eclipse.ui.workbench,3.5.0.I20090603-2000,"",1315019421593
activated,workbench,org.eclipse.ui.workbench,3.5.0.I20090603-2000,"",1315019421593
deactivated,workbench,org.eclipse.ui.workbench,3.5.0.I20090603-2000,"",1315019421671
activated,workbench,org.eclipse.ui.workbench,3.5.0.I20090603-2000,"",1315019426265
executed,command,org.eclipse.ui,3.5.0.I20090604-2000,"org.eclipse.ui.edit.text.contentAssist.proposals",1315019428296
executed,command,org.eclipse.ui,3.5.0.I20090604-2000,"org.eclipse.ui.edit.undo",1315019431218
executed,command,org.eclipse.ui,3.5.0.I20090604-2000,"org.eclipse.ui.edit.text.contentAssist.proposals",1315019436546
executed,command,org.eclipse.ui,3.5.0.I20090604-2000,"org.eclipse.ui.edit.undo",1315019443984
executed,command,org.eclipse.ui,3.5.0.I20090604-2000,"org.eclipse.ui.edit.text.contentAssist.proposals",1315019451234
deactivated,workbench,org.eclipse.ui.workbench,3.5.0.I20090603-2000,"",1315019461671
activated,workbench,org.eclipse.ui.workbench,3.5.0.I20090603-2000,"",1315019469953
executed,command,org.eclipse.ui,3.5.0.I20090604-2000,"org.eclipse.ui.file.save",1315019494531
deactivated,workbench,org.eclipse.ui.workbench,3.5.0.I20090603-2000,"",1315019496875
activated,workbench,org.eclipse.ui.workbench,3.5.0.I20090603-2000,"",1315019506578
executed,command,org.eclipse.ui,3.5.0.I20090604-2000,"org.eclipse.ui.edit.copy",1315019510140
executed,command,org.eclipse.ui,3.5.0.I20090604-2000,"org.eclipse.ui.edit.paste",1315019511484
executed,command,org.eclipse.ui,3.5.0.I20090604-2000,"org.eclipse.ui.edit.paste",1315019512468
executed,command,org.eclipse.ui,3.5.0.I20090604-2000,"org.eclipse.ui.edit.paste",1315019513125
deactivated,workbench,org.eclipse.ui.workbench,3.5.0.I20090603-2000,"",1315019520781
activated,workbench,org.eclipse.ui.workbench,3.5.0.I20090603-2000,"",1315019520796
deactivated,workbench,org.eclipse.ui.workbench,3.5.0.I20090603-2000,"",1315019520843
activated,workbench,org.eclipse.ui.workbench,3.5.0.I20090603-2000,"",1315019523125
deactivated,workbench,org.eclipse.ui.workbench,3.5.0.I20090603-2000,"",1315019523515
activated,workbench,org.eclipse.ui.workbench,3.5.0.I20090603-2000,"",1315019525750
deactivated,workbench,org.eclipse.ui.workbench,3.5.0.I20090603-2000,"",1315019537078
activated,workbench,org.eclipse.ui.workbench,3.5.0.I20090603-2000,"",1315019537093
deactivated,workbench,org.eclipse.ui.workbench,3.5.0.I20090603-2000,"",1315019537437
activated,workbench,org.eclipse.ui.workbench,3.5.0.I20090603-2000,"",1315019540406
executed,command,org.eclipse.ui,3.5.0.I20090604-2000,"org.eclipse.ui.file.save",1315019550218
deactivated,workbench,org.eclipse.ui.workbench,3.5.0.I20090603-2000,"",1315019550968
activated,workbench,org.eclipse.ui.workbench,3.5.0.I20090603-2000,"",1315019557812
executed,command,org.eclipse.ui,3.5.0.I20090604-2000,"org.eclipse.ui.edit.copy",1315019565968
executed,command,org.eclipse.ui,3.5.0.I20090604-2000,"org.eclipse.ui.edit.paste",1315019569640
executed,command,org.eclipse.ui,3.5.0.I20090604-2000,"org.eclipse.ui.edit.copy",1315019575312
executed,command,org.eclipse.ui,3.5.0.I20090604-2000,"org.eclipse.ui.edit.paste",1315019576390
executed,command,org.eclipse.ui,3.5.0.I20090604-2000,"org.eclipse.ui.edit.undo",1315019576984
executed,command,org.eclipse.ui,3.5.0.I20090604-2000,"org.eclipse.ui.edit.paste",1315019579593
executed,command,org.eclipse.ui,3.5.0.I20090604-2000,"org.eclipse.ui.file.save",1315019580218
deactivated,workbench,org.eclipse.ui.workbench,3.5.0.I20090603-2000,"",1315019581640
activated,workbench,org.eclipse.ui.workbench,3.5.0.I20090603-2000,"",1315019581656
deactivated,workbench,org.eclipse.ui.workbench,3.5.0.I20090603-2000,"",1315019581718
activated,workbench,org.eclipse.ui.workbench,3.5.0.I20090603-2000,"",1315019586046
executed,command,org.eclipse.ui,3.5.0.I20090604-2000,"org.eclipse.ui.file.save",1315019599453
executed,command,org.eclipse.ui,3.5.0.I20090604-2000,"org.eclipse.ui.file.save",1315019604218
activated,view,org.eclipse.jdt.ui,3.5.1.r351_v20090821-0800,"org.eclipse.jdt.ui.PackageExplorer",1315019612000
activated,editor,org.eclipse.jdt.ui,3.5.1.r351_v20090821-0800,"org.eclipse.jdt.ui.CompilationUnitEditor",1315019612296
deactivated,workbench,org.eclipse.ui.workbench,3.5.0.I20090603-2000,"",1315019619312
activated,workbench,org.eclipse.ui.workbench,3.5.0.I20090603-2000,"",1315019648562
executed,command,org.eclipse.ui,3.5.0.I20090604-2000,"org.eclipse.ui.edit.copy",1315019651125
executed,command,org.eclipse.ui,3.5.0.I20090604-2000,"org.eclipse.ui.edit.paste",1315019652546
started,bundle,org.eclipse.mylyn.java.ui,3.2.3.v20100217-0100-e3x,"org.eclipse.mylyn.java.ui",1315019669578
activated,view,org.eclipse.jdt.ui,3.5.1.r351_v20090821-0800,"org.eclipse.jdt.ui.PackageExplorer",1315019683859
opened,editor,org.eclipse.jdt.ui,3.5.1.r351_v20090821-0800,"org.eclipse.jdt.ui.CompilationUnitEditor",1315019685156
activated,editor,org.eclipse.jdt.ui,3.5.1.r351_v20090821-0800,"org.eclipse.jdt.ui.CompilationUnitEditor",1315019685265
activated,editor,org.eclipse.jdt.ui,3.5.1.r351_v20090821-0800,"org.eclipse.jdt.ui.CompilationUnitEditor",1315019688265
executed,command,org.eclipse.ui,3.5.0.I20090604-2000,"org.eclipse.ui.file.save",1315019696171
executed,command,org.eclipse.jdt.ui,3.5.1.r351_v20090821-0800,"org.eclipse.jdt.ui.edit.text.java.add.import",1315019699187
executed,command,org.eclipse.jdt.ui,3.5.1.r351_v20090821-0800,"org.eclipse.jdt.ui.edit.text.java.add.import",1315019699328
executed,command,org.eclipse.jdt.ui,3.5.1.r351_v20090821-0800,"org.eclipse.jdt.ui.edit.text.java.organize.imports",1315019700203
executed,command,org.eclipse.jdt.ui,3.5.1.r351_v20090821-0800,"org.eclipse.jdt.ui.edit.text.java.organize.imports",1315019700328
deactivated,workbench,org.eclipse.ui.workbench,3.5.0.I20090603-2000,"",1315019703843
activated,workbench,org.eclipse.ui.workbench,3.5.0.I20090603-2000,"",1315019703953
executed,command,org.eclipse.ui.workbench.texteditor,3.5.0.v20090603,"org.eclipse.ui.edit.text.select.lineStart",1315019705640
executed,command,org.eclipse.ui,3.5.0.I20090604-2000,"org.eclipse.ui.edit.copy",1315019706468
executed,command,org.eclipse.ui,3.5.0.I20090604-2000,"org.eclipse.ui.edit.paste",1315019707265
executed,command,org.eclipse.ui,3.5.0.I20090604-2000,"org.eclipse.ui.edit.paste",1315019707640
executed,command,org.eclipse.ui,3.5.0.I20090604-2000,"org.eclipse.ui.edit.paste",1315019708171
executed,command,org.eclipse.ui,3.5.0.I20090604-2000,"org.eclipse.ui.file.save",1315019717812
activated,view,org.eclipse.jdt.ui,3.5.1.r351_v20090821-0800,"org.eclipse.jdt.ui.PackageExplorer",1315019719812
activated,editor,org.eclipse.jdt.ui,3.5.1.r351_v20090821-0800,"org.eclipse.jdt.ui.CompilationUnitEditor",1315019723843
activated,view,org.eclipse.jdt.ui,3.5.1.r351_v20090821-0800,"org.eclipse.jdt.ui.PackageExplorer",1315019729421
executed,command,,,"com.android.ide.eclipse.adt.debug.launching.LaunchShortcut.run",1315019731781
deactivated,workbench,org.eclipse.ui.workbench,3.5.0.I20090603-2000,"",1315019737921
error,log,,,"No command output when running: 'am start -n com.nari.sun.layout/com.nari.sun.layout.LayoutTestActivity -a android.intent.action.MAIN -c android.intent.category.LAUNCHER' on device emulator-5554",1315019788968
activated,workbench,org.eclipse.ui.workbench,3.5.0.I20090603-2000,"",1315019797828
activated,view,org.eclipse.ui.console,3.4.0.v20090513,"org.eclipse.ui.console.ConsoleView",1315019797843
activated,view,com.android.ide.eclipse.ddms,12.0.0.v201106281929-138431,"com.android.ide.eclipse.ddms.views.LogCatView",1315019799765
